snapshot_name,snapshot_datetime,Opportunity,Sales_Ops_Override_FC_Status,Qtr_asm,Sales_Bk_Override_Qtr,Sales_Ops_Comment,Year,Opportunity_Description,Profit_center_Fc,Prod_Grp,Sales_Region,Salesorder,Sales_Order_Line,CUSTOMERGROUP,Platform_Description,Retrofit_Indicator,FabLocation,ServedMarket,Payment_Term_Description,Inco1,TechNode,Forecast_Type,Employee_Responsible_Name,Forecast_Booking_Amount_converted,Actual_Booking_Amount_converted,Total_Booking_Amount,Forecast_Status,Sales_Ops_Bk_Forecast_Status,Currency,Currency_1,Period,WaferSize_Description,CRM_Location,Process_Type_Description,Process_Module_1_Desc,Application_1_Desc,Process_Module_2_Desc,Application_2_Desc,Process_Module_3_Desc,Application_3_Desc,Process_Module_4_Desc,Application_4_Desc,Process_Module_5_Desc,Application_5_Desc,Process_Module_6_Desc,Application_6_Desc,Process_Module_7_Desc,Application_7_Desc,Process_Module_8_Desc,Application_8_Desc,Process_1_Desc,Process_2_Desc,Process_3_Desc,Process_4_Desc,Process_5_Desc,Process_6_Desc,Process_7_Desc,Process_8_Desc,Sales_Stage,GENERALPRODUCTTYPEKEY,ACTUALMFGCOMPLETEDATE,Date,PO_Y_n,Rel_For_Forecast,Profitcenter,Source,Forecast_Booking_Date,Forecast_Booking_Amount,Actual_Booking_Date,Actual_Booking_Amount,Inco2,Revised_Customer_Group,Package_Identifier,Platform_Included,Qtr_asm_1,Legacy_RFK_Business,CustRequestShipDate,Committed_Ship_Date,Shipped_Y_n,Period_1,RegionName,Product_Group_Fc,reserved_incorta_extraction_timestamp,Snapshot_Name_Date_Concat,Sales_OPPS_Booking_Quarter,Sales_OPPS_Booking_Year,Actual_booking_Date_Dt,Foecast_Booking_Date_dt,Override_Quarter_Formulas,snapshot_date_dt,Quarter_Match_Flag
Incorta-2026-05-04-01-View41,5/4/26 5:56,0000024738,,,Q4 2026,,,IHP A400DUO BTBAS NITRIDE BTBAS Oxide,BU1,VF,Europe,0000353741,10,,A400DUO PLATFORM,Non-Retrofit,IHP MICROELECTRONICS -DUPLICATE,R&D,Special Payment Term,DDP,>28nm,STD,Kok Thiam Ho,0,2494939.3055999996,2494939.3055999996,BASE,BASE,,EUR,2026003,"200mm (8"")",FEOL,System Opportunity,A400DUO PLATFORM,Dielectric,A400DUO OXYNITRIDE,Dielectric,A400DUO OXYNITRIDE,Not Assigned,Not Assigned,Not Assigned,Not Assigned,Not Assigned,Not Assigned,Not Assigned,Not Assigned,Not Assigned,Not Assigned,Not Assigned,Oxynitride,Oxynitride,Not Assigned,Not Assigned,Not Assigned,Not Assigned,Not Assigned,Not Assigned,Booked 100%,New,,5/3/26 13:54,Y,X,VF,Actual,,,3/1/26 0:00,2494939.3055999996,IHP Frankfurt/Oder,,,X,Q1 2026,#,11/15/26 0:00,,,2026003,Europe,VF,5/4/26 5:57,Incorta-2026-05-04-01-View41||05/04/2026 01:56:24 PM,26Q4,2026,3/1/26,,Q4 2026,5/4/26 5:56,Y
Incorta-2026-05-04-01-View41,5/4/26 5:56,0000024738,,,Q2 2027,,,IHP A400DUO BTBAS NITRIDE BTBAS Oxide,BU3,VF,Europe,0000353741,10,,A400DUO PLATFORM,Non-Retrofit,IHP MICROELECTRONICS -DUPLICATE,R&D,Special Payment Term,DDP,>28nm,STD,Kok Thiam Ho,0,103955.8044,103955.8044,BASE,BASE,,EUR,2026003,"200mm (8"")",FEOL,System Opportunity,A400DUO PLATFORM,Dielectric,A400DUO OXYNITRIDE,Dielectric,A400DUO OXYNITRIDE,Not Assigned,Not Assigned,Not Assigned,Not Assigned,Not Assigned,Not Assigned,Not Assigned,Not Assigned,Not Assigned,Not Assigned,Not Assigned,Oxynitride,Oxynitride,Not Assigned,Not Assigned,Not Assigned,Not Assigned,Not Assigned,Not Assigned,Booked 100%,New,,5/3/26 13:54,Y,X,SPS-COM,Actual,,,3/1/26 0:00,103955.8044,IHP Frankfurt/Oder,,,X,Q1 2026,#,11/15/26 0:00,,,2026003,Europe,I&Q,5/4/26 5:57,Incorta-2026-05-04-01-View41||05/04/2026 01:56:24 PM,27Q2,2027,3/1/26,,Q2 2027,5/4/26 5:56,Y
Incorta-2026-05-04-02-View41,5/4/26 5:59,0000029615,,,Q3 2026,,,TSMC RDPC GX UTAH HK HfO Deposition,BU3,ALD,TSMC Global,0000343413,50,,XP4 ALD PLATFORM,Non-Retrofit,tsmc HSINCHU TAIWAN 12P8,New Memory,See Below for Payment Terms,DDP,>20nm,STD,Lee Min Tan,0,-14263.408,-14263.408,BASE,BASE,,EUR,2026004,"300mm (12"")",BEOL,System Opportunity,XP4 ALD PLATFORM,Not Assigned,PULSAR GATE AND SILICATES (AXIS),HIGH PERFORMANCE GATE DIELECTRICS,PULSAR GATE AND SILICATES (AXIS),HIGH PERFORMANCE GATE DIELECTRICS,Not Assigned,Not Assigned,Not Assigned,Not Assigned,Not Assigned,Not Assigned,Not Assigned,Not Assigned,Not Assigned,Not Assigned,Not Assigned,HfZrO,HfZrO,Not Assigned,Not Assigned,Not Assigned,Not Assigned,Not Assigned,Slot Request 70%,New,,5/3/26 13:54,Y,X,SPS-COM,Actual,,,4/29/26 0:00,-16400,ASM Taiwan,,,X,Q2 2026,#,4/26/26 0:00,5/18/26 0:00,,2026004,TSMC Global,I&Q,5/4/26 5:59,Incorta-2026-05-04-02-View41||05/04/2026 01:59:23 PM,26Q3,2026,4/29/26,,Q3 2026,5/4/26 5:59,Y
Incorta-2026-05-04-02-View41,5/4/26 5:59,0000029615,,,Q2 2026,,,TSMC RDPC GX UTAH HK HfO Deposition,BU1,ALD,TSMC Global,0000343413,50,,XP4 ALD PLATFORM,Non-Retrofit,tsmc HSINCHU TAIWAN 12P8,New Memory,See Below for Payment Terms,DDP,>20nm,STD,Lee Min Tan,0,3334185.5999999996,3334185.5999999996,BASE,BASE,,EUR,2026003,"300mm (12"")",BEOL,System Opportunity,XP4 ALD PLATFORM,Not Assigned,PULSAR GATE AND SILICATES (AXIS),HIGH PERFORMANCE GATE DIELECTRICS,PULSAR GATE AND SILICATES (AXIS),HIGH PERFORMANCE GATE DIELECTRICS,Not Assigned,Not Assigned,Not Assigned,Not Assigned,Not Assigned,Not Assigned,Not Assigned,Not Assigned,Not Assigned,Not Assigned,Not Assigned,HfZrO,HfZrO,Not Assigned,Not Assigned,Not Assigned,Not Assigned,Not Assigned,Slot Request 70%,New,,5/3/26 13:54,Y,X,MX,Actual,,,3/1/26 0:00,3936000,ASM Taiwan,,,X,Q1 2026,#,4/26/26 0:00,5/18/26 0:00,,2026003,TSMC Global,ALD,5/4/26 5:59,Incorta-2026-05-04-02-View41||05/04/2026 01:59:23 PM,26Q2,2026,3/1/26,,Q2 2026,5/4/26 5:59,Y
Incorta-2026-05-04-02-View41,5/4/26 5:59,0000029615,,,Q2 2026,,,TSMC RDPC GX UTAH HK HfO Deposition,BU1,ALD,TSMC Global,0000343413,50,,XP4 ALD PLATFORM,Non-Retrofit,tsmc HSINCHU TAIWAN 12P8,New Memory,See Below for Payment Terms,DDP,>20nm,STD,Lee Min Tan,0,14263.408000000001,14263.408000000001,BASE,BASE,,EUR,2026004,"300mm (12"")",BEOL,System Opportunity,XP4 ALD PLATFORM,Not Assigned,PULSAR GATE AND SILICATES (AXIS),HIGH PERFORMANCE GATE DIELECTRICS,PULSAR GATE AND SILICATES (AXIS),HIGH PERFORMANCE GATE DIELECTRICS,Not Assigned,Not Assigned,Not Assigned,Not Assigned,Not Assigned,Not Assigned,Not Assigned,Not Assigned,Not Assigned,Not Assigned,Not Assigned,HfZrO,HfZrO,Not Assigned,Not Assigned,Not Assigned,Not Assigned,Not Assigned,Slot Request 70%,New,,5/3/26 13:54,Y,X,MX,Actual,,,4/29/26 0:00,16400,ASM Taiwan,,,X,Q2 2026,#,4/26/26 0:00,5/18/26 0:00,,2026004,TSMC Global,ALD,5/4/26 5:59,Incorta-2026-05-04-02-View41||05/04/2026 01:59:23 PM,26Q2,2026,4/29/26,,Q2 2026,5/4/26 5:59,Y
Incorta-2026-05-04-02-View41,5/4/26 5:59,0000029616,,,Q4 2026,,,SMOC PEALD XP8 HTO (1MF+4CH),BU3,PEALD,China,0000344423,20,,XP8 PLATFORM,Non-Retrofit,Semi Mfg-USE Semiconductor Mfg Oriental,Foundry,Letter of Credit,FCA,28nm,STD,"Xiao Pei, Judy Loh",0,243521.6,243521.6,BASE,BASE,,EUR,2026004,"300mm (12"")",FEOL,System Opportunity,XP8 PLATFORM,Gate Oxide,XP8 EAGLE HTSIO,Gate Oxide,XP8 EAGLE HTSIO,Gate Oxide,XP8 EAGLE HTSIO,Gate Oxide,XP8 EAGLE HTSIO,Not Assigned,Not Assigned,Not Assigned,Not Assigned,Not Assigned,Not Assigned,Not Assigned,HT-SiO,HT-SiO,HT-SiO,HT-SiO,Not Assigned,Not Assigned,Not Assigned,Not Assigned,Slot Request 70%,New,,5/3/26 13:54,Y,X,SPS-COM,Actual,,,4/30/26 0:00,280000,ASM FACTORY,,,X,Q2 2026,#,7/30/26 0:00,,,2026004,China,I&Q,5/4/26 5:59,Incorta-2026-05-04-02-View41||05/04/2026 01:59:23 PM,26Q4,2026,4/30/26,,Q4 2026,5/4/26 5:59,Y
Incorta-2026-05-04-02-View41,5/4/26 5:59,0000029616,,,Q3 2026,,,SMOC PEALD XP8 HTO (1MF+4CH),BU2,PEALD,China,0000344423,20,,XP8 PLATFORM,Non-Retrofit,Semi Mfg-USE Semiconductor Mfg Oriental,Foundry,Letter of Credit,FCA,28nm,STD,"Xiao Pei, Judy Loh",0,5844518.4,5844518.4,BASE,BASE,,EUR,2026004,"300mm (12"")",FEOL,System Opportunity,XP8 PLATFORM,Gate Oxide,XP8 EAGLE HTSIO,Gate Oxide,XP8 EAGLE HTSIO,Gate Oxide,XP8 EAGLE HTSIO,Gate Oxide,XP8 EAGLE HTSIO,Not Assigned,Not Assigned,Not Assigned,Not Assigned,Not Assigned,Not Assigned,Not Assigned,HT-SiO,HT-SiO,HT-SiO,HT-SiO,Not Assigned,Not Assigned,Not Assigned,Not Assigned,Slot Request 70%,New,,5/3/26 13:54,Y,X,PEALD,Actual,,,4/30/26 0:00,6720000,ASM FACTORY,,,X,Q2 2026,#,7/30/26 0:00,,,2026004,China,PEALD,5/4/26 5:59,Incorta-2026-05-04-02-View41||05/04/2026 01:59:23 PM,26Q3,2026,4/30/26,,Q3 2026,5/4/26 5:59,Y
Incorta-2026-05-04-02-View41,5/4/26 5:59,0000029617,,,Q4 2026,,,SMOC XP8 Synergis TiN 1MF+4CH,BU3,ALD,China,0000348906,10,,XP8 Platform (Thermal),Non-Retrofit,Semi Mfg-USE Semiconductor Mfg Oriental,Foundry,See Below for Payment Terms,FCA,28nm,STD,Siok Ping Catherine Tan,0,325532,325532,BASE,BASE,,EUR,2026002,"300mm (12"")",FEOL,System Opportunity,XP8 Platform (Thermal),pWF Metal Gate,Synergis NT TiN,pWF Metal Gate,Synergis NT TiN,pWF Metal Gate,Synergis NT TiN,pWF Metal Gate,Synergis NT TiN,Not Assigned,Not Assigned,Not Assigned,Not Assigned,Not Assigned,Not Assigned,Not Assigned,TiN,TiN,TiN,TiN,Not Assigned,Not Assigned,Not Assigned,Not Assigned,Slot Request 70%,New,,5/3/26 13:54,Y,X,SPS-COM,Actual,,,2/1/26 0:00,388000,ASM FACTORY,,,X,Q1 2026,#,3/20/26 0:00,4/15/26 0:00,,2026002,China,I&Q,5/4/26 5:59,Incorta-2026-05-04-02-View41||05/04/2026 01:59:23 PM,26Q4,2026,2/1/26,,Q4 2026,5/4/26 5:59,Y
Incorta-2026-05-04-02-View41,5/4/26 5:59,0000029617,,,Q1 2026,,,SMOC XP8 Synergis TiN 1MF+4CH,,ALD,China,0000348906,10,,XP8 Platform (Thermal),Non-Retrofit,Semi Mfg-USE Semiconductor Mfg Oriental,Foundry,See Below for Payment Terms,FCA,28nm,STD,Siok Ping Catherine Tan,0,9322968,9322968,,,,EUR,2026002,"300mm (12"")",FEOL,System Opportunity,XP8 Platform (Thermal),pWF Metal Gate,Synergis NT TiN,pWF Metal Gate,Synergis NT TiN,pWF Metal Gate,Synergis NT TiN,pWF Metal Gate,Synergis NT TiN,Not Assigned,Not Assigned,Not Assigned,Not Assigned,Not Assigned,Not Assigned,Not Assigned,TiN,TiN,TiN,TiN,Not Assigned,Not Assigned,Not Assigned,Not Assigned,,New,,,,X,NT,Actual,,,2/1/26 0:00,11112000,ASM FACTORY,,,X,Q1 2026,#,3/20/26 0:00,4/15/26 0:00,,2026002,China,,5/4/26 5:59,Incorta-2026-05-04-02-View41||05/04/2026 01:59:23 PM,26Q1,2026,2/1/26,,Q1 2026,5/4/26 5:59,Y
Incorta-2026-05-04-02-View41,5/4/26 5:59,0000029618,,,Q3 2026,,,SMOC XP8 Synergis TiN 1MF+4CH,BU3,ALD,China,0000350454,10,,XP8 Platform (Thermal),Non-Retrofit,Semi Mfg-USE Semiconductor Mfg Oriental,Foundry,See Below for Payment Terms,FCA,28nm,STD,Siok Ping Catherine Tan,0,337451.36000000004,337451.36000000004,BASE,BASE,,EUR,2026004,"300mm (12"")",FEOL,System Opportunity,XP8 Platform (Thermal),pWF Metal Gate,Synergis NT TiN,pWF Metal Gate,Synergis NT TiN,pWF Metal Gate,Synergis NT TiN,pWF Metal Gate,Synergis NT TiN,Not Assigned,Not Assigned,Not Assigned,Not Assigned,Not Assigned,Not Assigned,Not Assigned,TiN,TiN,TiN,TiN,Not Assigned,Not Assigned,Not Assigned,Not Assigned,Slot Request 70%,New,,5/3/26 13:54,Y,X,SPS-COM,Actual,,,4/30/26 0:00,388000,ASM FACTORY,,,X,Q2 2026,#,6/10/26 0:00,5/31/26 0:00,,2026004,China,I&Q,5/4/26 5:59,Incorta-2026-05-04-02-View41||05/04/2026 01:59:23 PM,26Q3,2026,4/30/26,,Q3 2026,5/4/26 5:59,Y
Incorta-2026-05-04-02-View41,5/4/26 5:59,0000029618,,,Q2 2026,,,SMOC XP8 Synergis TiN 1MF+4CH,BU1,ALD,China,0000350454,10,,XP8 Platform (Thermal),Non-Retrofit,Semi Mfg-USE Semiconductor Mfg Oriental,Foundry,See Below for Payment Terms,FCA,28nm,STD,Siok Ping Catherine Tan,0,9664328.64,9664328.64,BASE,BASE,,EUR,2026004,"300mm (12"")",FEOL,System Opportunity,XP8 Platform (Thermal),pWF Metal Gate,Synergis NT TiN,pWF Metal Gate,Synergis NT TiN,pWF Metal Gate,Synergis NT TiN,pWF Metal Gate,Synergis NT TiN,Not Assigned,Not Assigned,Not Assigned,Not Assigned,Not Assigned,Not Assigned,Not Assigned,TiN,TiN,TiN,TiN,Not Assigned,Not Assigned,Not Assigned,Not Assigned,Slot Request 70%,New,,5/3/26 13:54,Y,X,NT,Actual,,,4/30/26 0:00,11112000,ASM FACTORY,,,X,Q2 2026,#,6/10/26 0:00,5/31/26 0:00,,2026004,China,ALD,5/4/26 5:59,Incorta-2026-05-04-02-View41||05/04/2026 01:59:23 PM,26Q2,2026,4/30/26,,Q2 2026,5/4/26 5:59,Y
Incorta-2026-05-04-02-View41,5/4/26 5:59,0000029619,,Q1 2027,Q1 2027,,,SEC P2-L SF2.0P HAH Pulsar #10,BU1,ALD,Samsung Global,,,,XP4 ALD PLATFORM (K Model Compliant),Non-Retrofit,SAMSUNG ELECTRONICS PYEONGTAEK KOREA,Foundry,,,2nm,STD,,4096917.7920000004,0,4096917.7920000004,BASE,BASE,,EUR,,"300mm (12"")",FEOL,System Opportunity,XP4 ALD PLATFORM (K Model Compliant),Not Assigned,K-MODEL PULSAR GATE AND SILICATES (AXIS),HIGH PERFORMANCE GATE DIELECTRICS,K-MODEL PULSAR GATE AND SILICATES (AXIS),HIGH PERFORMANCE GATE DIELECTRICS,Not Assigned,Not Assigned,Not Assigned,Not Assigned,Not Assigned,Not Assigned,Not Assigned,Not Assigned,Not Assigned,Not Assigned,Not Assigned,"Cap Layer (La2O3, Al2O3, TiO2)","Cap Layer (La2O3, Al2O3, TiO2)",Not Assigned,Not Assigned,Not Assigned,Not Assigned,Not Assigned,Forecast 50%,New,,5/3/26 13:54,N,X,THM-COM,Forecast,1/5/27 0:00,4794240,,,,,,X,Q1 2027,#,2/5/27 0:00,,,2027001,Samsung Global,ALD,5/4/26 5:59,Incorta-2026-05-04-02-View41||05/04/2026 01:59:23 PM,27Q1,2027,,1/5/27,Q1 2027,5/4/26 5:59,N
Incorta-2026-05-04-02-View41,5/4/26 5:59,0000029619,,,Q3 2027,,,SEC P2-L SF2.0P HAH Pulsar #10,BU3,ALD,Samsung Global,,,,XP4 ALD PLATFORM (K Model Compliant),Non-Retrofit,SAMSUNG ELECTRONICS PYEONGTAEK KOREA,Foundry,,,2nm,STD,,170704.908,0,170704.908,BASE,BASE,,EUR,,"300mm (12"")",FEOL,System Opportunity,XP4 ALD PLATFORM (K Model Compliant),Not Assigned,K-MODEL PULSAR GATE AND SILICATES (AXIS),HIGH PERFORMANCE GATE DIELECTRICS,K-MODEL PULSAR GATE AND SILICATES (AXIS),HIGH PERFORMANCE GATE DIELECTRICS,Not Assigned,Not Assigned,Not Assigned,Not Assigned,Not Assigned,Not Assigned,Not Assigned,Not Assigned,Not Assigned,Not Assigned,Not Assigned,"Cap Layer (La2O3, Al2O3, TiO2)","Cap Layer (La2O3, Al2O3, TiO2)",Not Assigned,Not Assigned,Not Assigned,Not Assigned,Not Assigned,Forecast 50%,New,,5/3/26 13:54,N,X,SPS-COM,Forecast,1/5/27 0:00,199760,,,,,,X,Q1 2027,#,2/5/27 0:00,,,2027001,Samsung Global,I&Q,5/4/26 5:59,Incorta-2026-05-04-02-View41||05/04/2026 01:59:23 PM,27Q3,2027,,1/5/27,Q3 2027,5/4/26 5:59,Y
Incorta-2026-05-04-02-View41,5/4/26 5:59,0000029621,,Q4 2027,Q4 2027,,,GTX tALD XP8 Synergis WN 1MF+2CH,BU1,ALD,China,,,,XP8 Platform (Thermal),Non-Retrofit,Shanghai GTX Semiconductor Shanghai CN,Foundry,,,28nm,STD,,6234796.8,0,6234796.8,BASE,BASE,,EUR,,"300mm (12"")",FEOL,System Opportunity,XP8 Platform (Thermal),Not Assigned,Synergis NT WN,pWF Metal Gate,Synergis NT WN,pWF Metal Gate,Not Assigned,Not Assigned,Not Assigned,Not Assigned,Not Assigned,Not Assigned,Not Assigned,Not Assigned,Not Assigned,Not Assigned,Not Assigned,WN,WN,Not Assigned,Not Assigned,Not Assigned,Not Assigned,Not Assigned,Potential 10%,,,5/3/26 13:54,N,,THM-COM,Forecast,12/10/27 0:00,7296000,,,,,,X,Q4 2027,#,12/10/27 0:00,,,2027012,China,ALD,5/4/26 5:59,Incorta-2026-05-04-02-View41||05/04/2026 01:59:23 PM,27Q4,2027,,12/10/27,Q4 2027,5/4/26 5:59,N
Incorta-2026-05-04-02-View41,5/4/26 5:59,0000029621,,Q4 2027,Q4 2027,,,GTX tALD XP8 Synergis WN 1MF+2CH,BU3,ALD,China,,,,XP8 Platform (Thermal),Non-Retrofit,Shanghai GTX Semiconductor Shanghai CN,Foundry,,,28nm,STD,,259783.2,0,259783.2,BASE,BASE,,EUR,,"300mm (12"")",FEOL,System Opportunity,XP8 Platform (Thermal),Not Assigned,Synergis NT WN,pWF Metal Gate,Synergis NT WN,pWF Metal Gate,Not Assigned,Not Assigned,Not Assigned,Not Assigned,Not Assigned,Not Assigned,Not Assigned,Not Assigned,Not Assigned,Not Assigned,Not Assigned,WN,WN,Not Assigned,Not Assigned,Not Assigned,Not Assigned,Not Assigned,Potential 10%,,,5/3/26 13:54,N,,SPS-COM,Forecast,12/10/27 0:00,304000,,,,,,X,Q4 2027,#,12/10/27 0:00,,,2027012,China,I&Q,5/4/26 5:59,Incorta-2026-05-04-02-View41||05/04/2026 01:59:23 PM,27Q4,2027,,12/10/27,Q4 2027,5/4/26 5:59,N
Incorta-2026-05-04-02-View41,5/4/26 5:59,0000029622,,Q4 2027,Q4 2027,,,GTX tALD XP8 Synergis WN SA 1CH 29559,BU1,ALD,China,,,,XP8 Platform (Thermal),Non-Retrofit,Shanghai GTX Semiconductor Shanghai CN,Foundry,,,28nm,STD,,1804809.6,0,1804809.6,BASE,BASE,,EUR,,"300mm (12"")",FEOL,System Opportunity,Synergis NT WN,pWF Metal Gate,Not Assigned,Not Assigned,Not Assigned,Not Assigned,Not Assigned,Not Assigned,Not Assigned,Not Assigned,Not Assigned,Not Assigned,Not Assigned,Not Assigned,Not Assigned,Not Assigned,WN,Not Assigned,Not Assigned,Not Assigned,Not Assigned,Not Assigned,Not Assigned,Not Assigned,Potential 10%,,,5/3/26 13:54,N,,THM-COM,Forecast,12/10/27 0:00,2112000,,,,,,,Q4 2027,#,12/10/27 0:00,,,2027012,China,ALD,5/4/26 5:59,Incorta-2026-05-04-02-View41||05/04/2026 01:59:23 PM,27Q4,2027,,12/10/27,Q4 2027,5/4/26 5:59,N
Incorta-2026-05-04-02-View41,5/4/26 5:59,0000029622,,Q4 2027,Q4 2027,,,GTX tALD XP8 Synergis WN SA 1CH 29559,BU3,ALD,China,,,,XP8 Platform (Thermal),Non-Retrofit,Shanghai GTX Semiconductor Shanghai CN,Foundry,,,28nm,STD,,75200.40000000001,0,75200.40000000001,BASE,BASE,,EUR,,"300mm (12"")",FEOL,System Opportunity,Synergis NT WN,pWF Metal Gate,Not Assigned,Not Assigned,Not Assigned,Not Assigned,Not Assigned,Not Assigned,Not Assigned,Not Assigned,Not Assigned,Not Assigned,Not Assigned,Not Assigned,Not Assigned,Not Assigned,WN,Not Assigned,Not Assigned,Not Assigned,Not Assigned,Not Assigned,Not Assigned,Not Assigned,Potential 10%,,,5/3/26 13:54,N,,SPS-COM,Forecast,12/10/27 0:00,88000,,,,,,,Q4 2027,#,12/10/27 0:00,,,2027012,China,I&Q,5/4/26 5:59,Incorta-2026-05-04-02-View41||05/04/2026 01:59:23 PM,27Q4,2027,,12/10/27,Q4 2027,5/4/26 5:59,N
Incorta-2026-05-04-02-View41,5/4/26 5:59,0000029623,,Q2 2027,Q2 2027,,,Placeholder GTX Synergis TiSiN 1MF+4CH,BU1,ALD,China,,,,XP8 Platform (Thermal),Non-Retrofit,Shanghai GTX Semiconductor Shanghai CN,Foundry,,,28nm,STD,,8367753.600000001,0,8367753.600000001,BASE,BASE,,EUR,,"300mm (12"")",FEOL,System Opportunity,XP8 Platform (Thermal),WF Tuner Metal Gate,Synergis NT TiSiN,WF Tuner Metal Gate,Synergis NT TiSiN,WF Tuner Metal Gate,Synergis NT TiSiN,WF Tuner Metal Gate,Synergis NT TiSiN,Not Assigned,Not Assigned,Not Assigned,Not Assigned,Not Assigned,Not Assigned,Not Assigned,TiSiN,TiSiN,TiSiN,TiSiN,Not Assigned,Not Assigned,Not Assigned,Not Assigned,Upside 30%,New,,5/3/26 13:54,N,,THM-COM,Forecast,5/10/27 0:00,9792000,,,,,,X,Q2 2027,#,6/10/27 0:00,,,2027005,China,ALD,5/4/26 5:59,Incorta-2026-05-04-02-View41||05/04/2026 01:59:23 PM,27Q2,2027,,5/10/27,Q2 2027,5/4/26 5:59,N
Incorta-2026-05-04-02-View41,5/4/26 5:59,0000029623,,,Q3 2027,,,Placeholder GTX Synergis TiSiN 1MF+4CH,BU3,ALD,China,,,,XP8 Platform (Thermal),Non-Retrofit,Shanghai GTX Semiconductor Shanghai CN,Foundry,,,28nm,STD,,348656.4,0,348656.4,BASE,BASE,,EUR,,"300mm (12"")",FEOL,System Opportunity,XP8 Platform (Thermal),WF Tuner Metal Gate,Synergis NT TiSiN,WF Tuner Metal Gate,Synergis NT TiSiN,WF Tuner Metal Gate,Synergis NT TiSiN,WF Tuner Metal Gate,Synergis NT TiSiN,Not Assigned,Not Assigned,Not Assigned,Not Assigned,Not Assigned,Not Assigned,Not Assigned,TiSiN,TiSiN,TiSiN,TiSiN,Not Assigned,Not Assigned,Not Assigned,Not Assigned,Upside 30%,New,,5/3/26 13:54,N,,SPS-COM,Forecast,5/10/27 0:00,408000,,,,,,X,Q2 2027,#,6/10/27 0:00,,,2027005,China,I&Q,5/4/26 5:59,Incorta-2026-05-04-02-View41||05/04/2026 01:59:23 PM,27Q3,2027,,5/10/27,Q3 2027,5/4/26 5:59,Y
Incorta-2026-05-04-02-View41,5/4/26 5:59,0000029624,,Q4 2027,Q4 2027,,,GTX Synergis TiSiN with 1MF+2CH,BU1,ALD,China,,,,XP8 Platform (Thermal),Non-Retrofit,Shanghai GTX Semiconductor Shanghai CN,Foundry,,,28nm,STD,,4922208,0,4922208,BASE,BASE,,EUR,,"300mm (12"")",FEOL,System Opportunity,XP8 Platform (Thermal),Not Assigned,Synergis NT TiSiN,WF Tuner Metal Gate,Synergis NT TiSiN,WF Tuner Metal Gate,Not Assigned,Not Assigned,Not Assigned,Not Assigned,Not Assigned,Not Assigned,Not Assigned,Not Assigned,Not Assigned,Not Assigned,Not Assigned,TiSiN,TiSiN,Not Assigned,Not Assigned,Not Assigned,Not Assigned,Not Assigned,Potential 10%,,,5/3/26 13:54,N,,THM-COM,Forecast,12/10/27 0:00,5760000,,,,,,X,Q4 2027,#,12/10/27 0:00,,,2027012,China,ALD,5/4/26 5:59,Incorta-2026-05-04-02-View41||05/04/2026 01:59:23 PM,27Q4,2027,,12/10/27,Q4 2027,5/4/26 5:59,N
Incorta-2026-05-04-02-View41,5/4/26 5:59,0000029624,,,Q1 2028,,,GTX Synergis TiSiN with 1MF+2CH,BU3,ALD,China,,,,XP8 Platform (Thermal),Non-Retrofit,Shanghai GTX Semiconductor Shanghai CN,Foundry,,,28nm,STD,,205092,0,205092,BASE,BASE,,EUR,,"300mm (12"")",FEOL,System Opportunity,XP8 Platform (Thermal),Not Assigned,Synergis NT TiSiN,WF Tuner Metal Gate,Synergis NT TiSiN,WF Tuner Metal Gate,Not Assigned,Not Assigned,Not Assigned,Not Assigned,Not Assigned,Not Assigned,Not Assigned,Not Assigned,Not Assigned,Not Assigned,Not Assigned,TiSiN,TiSiN,Not Assigned,Not Assigned,Not Assigned,Not Assigned,Not Assigned,Potential 10%,,,5/3/26 13:54,N,,SPS-COM,Forecast,12/10/27 0:00,240000,,,,,,X,Q4 2027,#,12/10/27 0:00,,,2027012,China,I&Q,5/4/26 5:59,Incorta-2026-05-04-02-View41||05/04/2026 01:59:23 PM,28Q1,2028,,12/10/27,Q1 2028,5/4/26 5:59,Y
Incorta-2026-05-04-02-View41,5/4/26 5:59,0000029625,,Q4 2027,Q4 2027,,,GTX Synergis TiSiN with 1MF+2CH,BU1,ALD,China,,,,XP8 Platform (Thermal),Non-Retrofit,Shanghai GTX Semiconductor Shanghai CN,Foundry,,,28nm,STD,,4922208,0,4922208,BASE,BASE,,EUR,,"300mm (12"")",FEOL,System Opportunity,XP8 Platform (Thermal),Not Assigned,Synergis NT TiSiN,WF Tuner Metal Gate,Synergis NT TiSiN,WF Tuner Metal Gate,Not Assigned,Not Assigned,Not Assigned,Not Assigned,Not Assigned,Not Assigned,Not Assigned,Not Assigned,Not Assigned,Not Assigned,Not Assigned,TiSiN,TiSiN,Not Assigned,Not Assigned,Not Assigned,Not Assigned,Not Assigned,Potential 10%,,,5/3/26 13:54,N,,THM-COM,Forecast,12/10/27 0:00,5760000,,,,,,X,Q4 2027,#,12/10/27 0:00,,,2027012,China,ALD,5/4/26 5:59,Incorta-2026-05-04-02-View41||05/04/2026 01:59:23 PM,27Q4,2027,,12/10/27,Q4 2027,5/4/26 5:59,N
Incorta-2026-05-04-02-View41,5/4/26 5:59,0000029625,,,Q1 2028,,,GTX Synergis TiSiN with 1MF+2CH,BU3,ALD,China,,,,XP8 Platform (Thermal),Non-Retrofit,Shanghai GTX Semiconductor Shanghai CN,Foundry,,,28nm,STD,,205092,0,205092,BASE,BASE,,EUR,,"300mm (12"")",FEOL,System Opportunity,XP8 Platform (Thermal),Not Assigned,Synergis NT TiSiN,WF Tuner Metal Gate,Synergis NT TiSiN,WF Tuner Metal Gate,Not Assigned,Not Assigned,Not Assigned,Not Assigned,Not Assigned,Not Assigned,Not Assigned,Not Assigned,Not Assigned,Not Assigned,Not Assigned,TiSiN,TiSiN,Not Assigned,Not Assigned,Not Assigned,Not Assigned,Not Assigned,Potential 10%,,,5/3/26 13:54,N,,SPS-COM,Forecast,12/10/27 0:00,240000,,,,,,X,Q4 2027,#,12/10/27 0:00,,,2027012,China,I&Q,5/4/26 5:59,Incorta-2026-05-04-02-View41||05/04/2026 01:59:23 PM,28Q1,2028,,12/10/27,Q1 2028,5/4/26 5:59,Y
Incorta-2026-05-04-02-View41,5/4/26 5:59,0000029626,,Q4 2027,Q4 2027,,,GTX Synergis TiSiN with SA 1CH 29624,BU1,ALD,China,,,,XP8 Platform (Thermal),Non-Retrofit,Shanghai GTX Semiconductor Shanghai CN,Foundry,,,28nm,STD,,1804809.6,0,1804809.6,BASE,BASE,,EUR,,"300mm (12"")",FEOL,System Opportunity,Synergis NT TiSiN,WF Tuner Metal Gate,Not Assigned,Not Assigned,Not Assigned,Not Assigned,Not Assigned,Not Assigned,Not Assigned,Not Assigned,Not Assigned,Not Assigned,Not Assigned,Not Assigned,Not Assigned,Not Assigned,TiSiN,Not Assigned,Not Assigned,Not Assigned,Not Assigned,Not Assigned,Not Assigned,Not Assigned,Potential 10%,,,5/3/26 13:54,N,,THM-COM,Forecast,12/10/27 0:00,2112000,,,,,,,Q4 2027,#,12/10/27 0:00,,,2027012,China,ALD,5/4/26 5:59,Incorta-2026-05-04-02-View41||05/04/2026 01:59:23 PM,27Q4,2027,,12/10/27,Q4 2027,5/4/26 5:59,N
Incorta-2026-05-04-02-View41,5/4/26 5:59,0000029626,,Q4 2027,Q4 2027,,,GTX Synergis TiSiN with SA 1CH 29624,BU3,ALD,China,,,,XP8 Platform (Thermal),Non-Retrofit,Shanghai GTX Semiconductor Shanghai CN,Foundry,,,28nm,STD,,75200.40000000001,0,75200.40000000001,BASE,BASE,,EUR,,"300mm (12"")",FEOL,System Opportunity,Synergis NT TiSiN,WF Tuner Metal Gate,Not Assigned,Not Assigned,Not Assigned,Not Assigned,Not Assigned,Not Assigned,Not Assigned,Not Assigned,Not Assigned,Not Assigned,Not Assigned,Not Assigned,Not Assigned,Not Assigned,TiSiN,Not Assigned,Not Assigned,Not Assigned,Not Assigned,Not Assigned,Not Assigned,Not Assigned,Potential 10%,,,5/3/26 13:54,N,,SPS-COM,Forecast,12/10/27 0:00,88000,,,,,,,Q4 2027,#,12/10/27 0:00,,,2027012,China,I&Q,5/4/26 5:59,Incorta-2026-05-04-02-View41||05/04/2026 01:59:23 PM,27Q4,2027,,12/10/27,Q4 2027,5/4/26 5:59,N
Incorta-2026-05-04-02-View41,5/4/26 5:59,0000029627,,Q4 2027,Q4 2027,,,GTX Synergis TiSiN with SA 1CH 29624,BU1,ALD,China,,,,XP8 Platform (Thermal),Non-Retrofit,Shanghai GTX Semiconductor Shanghai CN,Foundry,,,28nm,STD,,1804809.6,0,1804809.6,BASE,BASE,,EUR,,"300mm (12"")",FEOL,System Opportunity,Synergis NT TiSiN,Not Assigned,Not Assigned,Not Assigned,Not Assigned,Not Assigned,Not Assigned,WF Tuner Metal Gate,Not Assigned,Not Assigned,Not Assigned,Not Assigned,Not Assigned,Not Assigned,Not Assigned,Not Assigned,Not Assigned,Not Assigned,Not Assigned,TiSiN,Not Assigned,Not Assigned,Not Assigned,Not Assigned,Potential 10%,,,5/3/26 13:54,N,,THM-COM,Forecast,12/10/27 0:00,2112000,,,,,,,Q4 2027,#,12/10/27 0:00,,,2027012,China,ALD,5/4/26 5:59,Incorta-2026-05-04-02-View41||05/04/2026 01:59:23 PM,27Q4,2027,,12/10/27,Q4 2027,5/4/26 5:59,N
Incorta-2026-05-04-02-View41,5/4/26 5:59,0000029627,,Q4 2027,Q4 2027,,,GTX Synergis TiSiN with SA 1CH 29624,BU3,ALD,China,,,,XP8 Platform (Thermal),Non-Retrofit,Shanghai GTX Semiconductor Shanghai CN,Foundry,,,28nm,STD,,75200.40000000001,0,75200.40000000001,BASE,BASE,,EUR,,"300mm (12"")",FEOL,System Opportunity,Synergis NT TiSiN,Not Assigned,Not Assigned,Not Assigned,Not Assigned,Not Assigned,Not Assigned,WF Tuner Metal Gate,Not Assigned,Not Assigned,Not Assigned,Not Assigned,Not Assigned,Not Assigned,Not Assigned,Not Assigned,Not Assigned,Not Assigned,Not Assigned,TiSiN,Not Assigned,Not Assigned,Not Assigned,Not Assigned,Potential 10%,,,5/3/26 13:54,N,,SPS-COM,Forecast,12/10/27 0:00,88000,,,,,,,Q4 2027,#,12/10/27 0:00,,,2027012,China,I&Q,5/4/26 5:59,Incorta-2026-05-04-02-View41||05/04/2026 01:59:23 PM,27Q4,2027,,12/10/27,Q4 2027,5/4/26 5:59,N
Incorta-2026-05-04-02-View41,5/4/26 5:59,0000029628,,,Q1 2028,,,GTX  Intrepid ES Si SA CH PM3 29632,BU3,EPI,China,,,,XP4 INTREPID PLATFORM,Non-Retrofit,Shanghai GTX Semiconductor Shanghai CN,Foundry,,,28nm,STD,,68364,0,68364,BASE,BASE,,EUR,,"300mm (12"")",FEOL,System Opportunity,RP PMOS (INTREPID) ESL-LMS,Not Assigned,Not Assigned,Not Assigned,Not Assigned,CHANNEL,Not Assigned,Not Assigned,Not Assigned,Not Assigned,Not Assigned,Not Assigned,Not Assigned,Not Assigned,Not Assigned,Not Assigned,Not Assigned,Not Assigned,Si Channel,Not Assigned,Not Assigned,Not Assigned,Not Assigned,Not Assigned,Potential 10%,,,5/3/26 13:54,N,,SPS-COM,Forecast,12/10/27 0:00,80000,,,,,,,Q4 2027,#,12/10/27 0:00,,,2027012,China,I&Q,5/4/26 5:59,Incorta-2026-05-04-02-View41||05/04/2026 01:59:23 PM,28Q1,2028,,12/10/27,Q1 2028,5/4/26 5:59,Y
Incorta-2026-05-04-02-View41,5/4/26 5:59,0000029628,,Q4 2027,Q4 2027,,,GTX  Intrepid ES Si SA CH PM3 29632,BU2,EPI,China,,,,XP4 INTREPID PLATFORM,Non-Retrofit,Shanghai GTX Semiconductor Shanghai CN,Foundry,,,28nm,STD,,1640736,0,1640736,BASE,BASE,,EUR,,"300mm (12"")",FEOL,System Opportunity,RP PMOS (INTREPID) ESL-LMS,Not Assigned,Not Assigned,Not Assigned,Not Assigned,CHANNEL,Not Assigned,Not Assigned,Not Assigned,Not Assigned,Not Assigned,Not Assigned,Not Assigned,Not Assigned,Not Assigned,Not Assigned,Not Assigned,Not Assigned,Si Channel,Not Assigned,Not Assigned,Not Assigned,Not Assigned,Not Assigned,Potential 10%,,,5/3/26 13:54,N,,EPI,Forecast,12/10/27 0:00,1920000,,,,,,,Q4 2027,#,12/10/27 0:00,,,2027012,China,EPI,5/4/26 5:59,Incorta-2026-05-04-02-View41||05/04/2026 01:59:23 PM,27Q4,2027,,12/10/27,Q4 2027,5/4/26 5:59,N
Incorta-2026-05-04-02-View41,5/4/26 5:59,0000029630,,Q4 2027,Q4 2027,,,GTX tALD XP8 Synergis WN 1MF+4CH,BU1,ALD,China,,,,XP8 Platform (Thermal),Non-Retrofit,Shanghai GTX Semiconductor Shanghai CN,Foundry,,,28nm,STD,,8039606.4,0,8039606.4,BASE,BASE,,EUR,,"300mm (12"")",FEOL,System Opportunity,XP8 Platform (Thermal),pWF Metal Gate,Synergis NT WN,pWF Metal Gate,Synergis NT WN,pWF Metal Gate,Synergis NT WN,pWF Metal Gate,Synergis NT WN,Not Assigned,Not Assigned,Not Assigned,Not Assigned,Not Assigned,Not Assigned,Not Assigned,WN,WN,WN,WN,Not Assigned,Not Assigned,Not Assigned,Not Assigned,Potential 10%,,,5/3/26 13:54,N,,THM-COM,Forecast,12/10/27 0:00,9408000,,,,,,X,Q4 2027,#,12/10/27 0:00,,,2027012,China,ALD,5/4/26 5:59,Incorta-2026-05-04-02-View41||05/04/2026 01:59:23 PM,27Q4,2027,,12/10/27,Q4 2027,5/4/26 5:59,N
Incorta-2026-05-04-02-View41,5/4/26 5:59,0000029630,,Q4 2027,Q4 2027,,,GTX tALD XP8 Synergis WN 1MF+4CH,BU3,ALD,China,,,,XP8 Platform (Thermal),Non-Retrofit,Shanghai GTX Semiconductor Shanghai CN,Foundry,,,28nm,STD,,334983.60000000003,0,334983.60000000003,BASE,BASE,,EUR,,"300mm (12"")",FEOL,System Opportunity,XP8 Platform (Thermal),pWF Metal Gate,Synergis NT WN,pWF Metal Gate,Synergis NT WN,pWF Metal Gate,Synergis NT WN,pWF Metal Gate,Synergis NT WN,Not Assigned,Not Assigned,Not Assigned,Not Assigned,Not Assigned,Not Assigned,Not Assigned,WN,WN,WN,WN,Not Assigned,Not Assigned,Not Assigned,Not Assigned,Potential 10%,,,5/3/26 13:54,N,,SPS-COM,Forecast,12/10/27 0:00,392000,,,,,,X,Q4 2027,#,12/10/27 0:00,,,2027012,China,I&Q,5/4/26 5:59,Incorta-2026-05-04-02-View41||05/04/2026 01:59:23 PM,27Q4,2027,,12/10/27,Q4 2027,5/4/26 5:59,N
Incorta-2026-05-04-02-View41,5/4/26 5:59,0000029631,,Q4 2027,Q4 2027,,,GTX tALD XP8 Synergis WN SA 1CH 29559,BU1,ALD,China,,,,XP8 Platform (Thermal),Non-Retrofit,Shanghai GTX Semiconductor Shanghai CN,Foundry,,,28nm,STD,,1804809.6,0,1804809.6,BASE,BASE,,EUR,,"300mm (12"")",FEOL,System Opportunity,Synergis NT WN,Not Assigned,Not Assigned,Not Assigned,Not Assigned,Not Assigned,Not Assigned,pWF Metal Gate,Not Assigned,Not Assigned,Not Assigned,Not Assigned,Not Assigned,Not Assigned,Not Assigned,Not Assigned,Not Assigned,Not Assigned,Not Assigned,WN,Not Assigned,Not Assigned,Not Assigned,Not Assigned,Potential 10%,,,5/3/26 13:54,N,,THM-COM,Forecast,12/10/27 0:00,2112000,,,,,,,Q4 2027,#,12/10/27 0:00,,,2027012,China,ALD,5/4/26 5:59,Incorta-2026-05-04-02-View41||05/04/2026 01:59:23 PM,27Q4,2027,,12/10/27,Q4 2027,5/4/26 5:59,N
Incorta-2026-05-04-02-View41,5/4/26 5:59,0000029631,,,Q1 2028,,,GTX tALD XP8 Synergis WN SA 1CH 29559,BU3,ALD,China,,,,XP8 Platform (Thermal),Non-Retrofit,Shanghai GTX Semiconductor Shanghai CN,Foundry,,,28nm,STD,,75200.40000000001,0,75200.40000000001,BASE,BASE,,EUR,,"300mm (12"")",FEOL,System Opportunity,Synergis NT WN,Not Assigned,Not Assigned,Not Assigned,Not Assigned,Not Assigned,Not Assigned,pWF Metal Gate,Not Assigned,Not Assigned,Not Assigned,Not Assigned,Not Assigned,Not Assigned,Not Assigned,Not Assigned,Not Assigned,Not Assigned,Not Assigned,WN,Not Assigned,Not Assigned,Not Assigned,Not Assigned,Potential 10%,,,5/3/26 13:54,N,,SPS-COM,Forecast,12/10/27 0:00,88000,,,,,,,Q4 2027,#,12/10/27 0:00,,,2027012,China,I&Q,5/4/26 5:59,Incorta-2026-05-04-02-View41||05/04/2026 01:59:23 PM,28Q1,2028,,12/10/27,Q1 2028,5/4/26 5:59,Y
Incorta-2026-05-04-02-View41,5/4/26 5:59,0000029632,,,Q1 2028,,,GTX  Intrepid ES Si 1MF+1CH+P,BU3,EPI,China,,,,XP4 INTREPID PLATFORM,Non-Retrofit,Shanghai GTX Semiconductor Shanghai CN,Foundry,,,28nm,STD,,157237.2,0,157237.2,BASE,BASE,,EUR,,"300mm (12"")",FEOL,System Opportunity,XP4 INTREPID PLATFORM,CHANNEL,PRE CLEAN PREVIUM (INTREPID),CHANNEL,RP PMOS (INTREPID) ESL-LMS,Not Assigned,Not Assigned,Not Assigned,Not Assigned,Not Assigned,Not Assigned,Not Assigned,Not Assigned,Not Assigned,Not Assigned,Not Assigned,Pre Clean,Si Channel,Not Assigned,Not Assigned,Not Assigned,Not Assigned,Not Assigned,Not Assigned,Potential 10%,,,5/3/26 13:54,N,,SPS-COM,Forecast,12/10/27 0:00,184000,,,,,,X,Q4 2027,#,12/10/27 0:00,,,2027012,China,I&Q,5/4/26 5:59,Incorta-2026-05-04-02-View41||05/04/2026 01:59:23 PM,28Q1,2028,,12/10/27,Q1 2028,5/4/26 5:59,Y
Incorta-2026-05-04-02-View41,5/4/26 5:59,0000029632,,Q4 2027,Q4 2027,,,GTX  Intrepid ES Si 1MF+1CH+P,BU2,EPI,China,,,,XP4 INTREPID PLATFORM,Non-Retrofit,Shanghai GTX Semiconductor Shanghai CN,Foundry,,,28nm,STD,,3773692.8000000003,0,3773692.8000000003,BASE,BASE,,EUR,,"300mm (12"")",FEOL,System Opportunity,XP4 INTREPID PLATFORM,CHANNEL,PRE CLEAN PREVIUM (INTREPID),CHANNEL,RP PMOS (INTREPID) ESL-LMS,Not Assigned,Not Assigned,Not Assigned,Not Assigned,Not Assigned,Not Assigned,Not Assigned,Not Assigned,Not Assigned,Not Assigned,Not Assigned,Pre Clean,Si Channel,Not Assigned,Not Assigned,Not Assigned,Not Assigned,Not Assigned,Not Assigned,Potential 10%,,,5/3/26 13:54,N,,EPI,Forecast,12/10/27 0:00,4416000,,,,,,X,Q4 2027,#,12/10/27 0:00,,,2027012,China,EPI,5/4/26 5:59,Incorta-2026-05-04-02-View41||05/04/2026 01:59:23 PM,27Q4,2027,,12/10/27,Q4 2027,5/4/26 5:59,N
Incorta-2026-05-04-02-View41,5/4/26 5:59,0000029633,,Q3 2026,Q3 2026,,,TX5D4 RFK to convert to DCM P41 SiN,BU2,PEALD,Japan,,,,XP8 PLATFORM,Retrofit,ASMJ Tama Demo Tools - DO NOT USE,Foundry,,,18nm,EVA,,0.85455,0,0.85455,BASE,BASE,,EUR,,"300mm (12"")",FEOL,System Opportunity,Not Assigned,Not Assigned,Not Assigned,Not Assigned,Not Assigned,Not Assigned,Not Assigned,Not Assigned,Not Assigned,Not Assigned,Not Assigned,Not Assigned,Not Assigned,Not Assigned,Not Assigned,Not Assigned,Not Assigned,Not Assigned,Not Assigned,Not Assigned,Not Assigned,Not Assigned,Not Assigned,Not Assigned,Potential 10%,,,5/3/26 13:54,N,,PEALD,Forecast,8/25/26 0:00,1,,,,,,,Q3 2026,#,2/25/26 0:00,,,2026008,Japan,PEALD,5/4/26 5:59,Incorta-2026-05-04-02-View41||05/04/2026 01:59:23 PM,26Q3,2026,,8/25/26,Q3 2026,5/4/26 5:59,N
Incorta-2026-05-04-02-View41,5/4/26 5:59,0000029634,,Q1 2027,Q1 2027,,,Micron F4 DCM LT SiO NH3/CH4 RFK 29L,BU2,PEALD,Micron Global,,,,XP8 PLATFORM,Retrofit,MICRON TECHNOLOGY BOISE IDAHO US FAB4,DRAM,,,12nm,EVA,,0.85455,0,0.85455,BASE,BASE,,EUR,,"300mm (12"")",MOL,System Opportunity,Not Assigned,Not Assigned,Not Assigned,Not Assigned,Not Assigned,Not Assigned,Not Assigned,Not Assigned,Not Assigned,Not Assigned,Not Assigned,Not Assigned,Not Assigned,Not Assigned,Not Assigned,Not Assigned,Not Assigned,Not Assigned,Not Assigned,Not Assigned,Not Assigned,Not Assigned,Not Assigned,Not Assigned,Slot Request 70%,,1/28/26 0:00,5/3/26 13:54,N,X,PEALD,Forecast,3/15/27 0:00,1,,,,,,,Q1 2027,#,1/20/26 0:00,2/3/26 0:00,,2027003,Micron Global,PEALD,5/4/26 5:59,Incorta-2026-05-04-02-View41||05/04/2026 01:59:23 PM,27Q1,2027,,3/15/27,Q1 2027,5/4/26 5:59,N
Incorta-2026-05-04-02-View41,5/4/26 5:59,0000029635,,Q2 2027,Q2 2027,,,Intel F34 HEN702 3rd N2 LP RFK,BU2,PEALD,Intel,,,,XP8 PLATFORM - QCM Variant (ASM-EFEM),Retrofit,INTEL LEIXLIP IRELAND F34,Logic/ASIC,,,2nm,STD,,47854.8,0,47854.8,BASE,BASE,,EUR,,"300mm (12"")",MOL,System Opportunity,Not Assigned,Not Assigned,Not Assigned,Not Assigned,Not Assigned,Not Assigned,Not Assigned,Not Assigned,Not Assigned,Not Assigned,Not Assigned,Not Assigned,Not Assigned,Not Assigned,Not Assigned,Not Assigned,Not Assigned,Not Assigned,Not Assigned,Not Assigned,Not Assigned,Not Assigned,Not Assigned,Not Assigned,Potential 10%,,,5/3/26 13:54,N,,PEALD,Forecast,4/1/27 0:00,56000,,,,,,,Q2 2027,#,7/1/27 0:00,,,2027004,Intel,PEALD,5/4/26 5:59,Incorta-2026-05-04-02-View41||05/04/2026 01:59:23 PM,27Q2,2027,,4/1/27,Q2 2027,5/4/26 5:59,N
Incorta-2026-05-04-02-View41,5/4/26 5:59,0000029638,,Q3 2026,Q3 2026,,,SMOC TiN to TiSiN RFK (PM1) 28040,BU1,ALD,China,,,,XP8 Platform (Thermal),Retrofit,Semi Mfg-USE Semiconductor Mfg Oriental,Foundry,,,28nm,STD,,0.85455,0,0.85455,BASE,BASE,,EUR,,"300mm (12"")",FEOL,System Opportunity,Not Assigned,Not Assigned,Not Assigned,Not Assigned,Not Assigned,Not Assigned,Not Assigned,Not Assigned,Not Assigned,Not Assigned,Not Assigned,Not Assigned,Not Assigned,Not Assigned,Not Assigned,Not Assigned,Not Assigned,Not Assigned,Not Assigned,Not Assigned,Not Assigned,Not Assigned,Not Assigned,Not Assigned,Slot Request 70%,,,5/3/26 13:54,N,X,THM-COM,Forecast,7/5/26 0:00,1,,,,,,,Q3 2026,#,10/5/26 0:00,4/30/26 0:00,,2026007,China,ALD,5/4/26 5:59,Incorta-2026-05-04-02-View41||05/04/2026 01:59:23 PM,26Q3,2026,,7/5/26,Q3 2026,5/4/26 5:59,N
Incorta-2026-05-04-02-View41,5/4/26 5:59,0000029640,,Q2 2027,Q2 2027,,,Placeholder GTX Synergis TiSiN 1MF+4CH,BU1,ALD,China,,,,XP8 Platform (Thermal),Non-Retrofit,Shanghai GTX Semiconductor Shanghai CN,Foundry,,,28nm,STD,,8367753.600000001,0,8367753.600000001,BASE,BASE,,EUR,,"300mm (12"")",FEOL,System Opportunity,XP8 Platform (Thermal),WF Tuner Metal Gate,Synergis NT TiSiN,WF Tuner Metal Gate,Synergis NT TiSiN,WF Tuner Metal Gate,Synergis NT TiSiN,WF Tuner Metal Gate,Synergis NT TiSiN,Not Assigned,Not Assigned,Not Assigned,Not Assigned,Not Assigned,Not Assigned,Not Assigned,TiSiN,TiSiN,TiSiN,TiSiN,Not Assigned,Not Assigned,Not Assigned,Not Assigned,Upside 30%,New,,5/3/26 13:54,N,,THM-COM,Forecast,5/10/27 0:00,9792000,,,,,,X,Q2 2027,#,6/10/27 0:00,,,2027005,China,ALD,5/4/26 5:59,Incorta-2026-05-04-02-View41||05/04/2026 01:59:23 PM,27Q2,2027,,5/10/27,Q2 2027,5/4/26 5:59,N
Incorta-2026-05-04-02-View41,5/4/26 5:59,0000029640,,,Q4 2027,,,Placeholder GTX Synergis TiSiN 1MF+4CH,BU3,ALD,China,,,,XP8 Platform (Thermal),Non-Retrofit,Shanghai GTX Semiconductor Shanghai CN,Foundry,,,28nm,STD,,348656.4,0,348656.4,BASE,BASE,,EUR,,"300mm (12"")",FEOL,System Opportunity,XP8 Platform (Thermal),WF Tuner Metal Gate,Synergis NT TiSiN,WF Tuner Metal Gate,Synergis NT TiSiN,WF Tuner Metal Gate,Synergis NT TiSiN,WF Tuner Metal Gate,Synergis NT TiSiN,Not Assigned,Not Assigned,Not Assigned,Not Assigned,Not Assigned,Not Assigned,Not Assigned,TiSiN,TiSiN,TiSiN,TiSiN,Not Assigned,Not Assigned,Not Assigned,Not Assigned,Upside 30%,New,,5/3/26 13:54,N,,SPS-COM,Forecast,5/10/27 0:00,408000,,,,,,X,Q2 2027,#,6/10/27 0:00,,,2027005,China,I&Q,5/4/26 5:59,Incorta-2026-05-04-02-View41||05/04/2026 01:59:23 PM,27Q4,2027,,5/10/27,Q4 2027,5/4/26 5:59,Y
Incorta-2026-05-04-02-View41,5/4/26 5:59,0000029641,,Q4 2027,Q4 2027,,,GTX Synergis TiSiN with SA 1CH 29625,BU1,ALD,China,,,,XP8 Platform (Thermal),Non-Retrofit,Shanghai GTX Semiconductor Shanghai CN,Foundry,,,28nm,STD,,1804809.6,0,1804809.6,BASE,BASE,,EUR,,"300mm (12"")",FEOL,System Opportunity,Synergis NT TiSiN,WF Tuner Metal Gate,Not Assigned,Not Assigned,Not Assigned,Not Assigned,Not Assigned,Not Assigned,Not Assigned,Not Assigned,Not Assigned,Not Assigned,Not Assigned,Not Assigned,Not Assigned,Not Assigned,TiSiN,Not Assigned,Not Assigned,Not Assigned,Not Assigned,Not Assigned,Not Assigned,Not Assigned,Potential 10%,,,5/3/26 13:54,N,,THM-COM,Forecast,12/10/27 0:00,2112000,,,,,,,Q4 2027,#,12/10/27 0:00,,,2027012,China,ALD,5/4/26 5:59,Incorta-2026-05-04-02-View41||05/04/2026 01:59:23 PM,27Q4,2027,,12/10/27,Q4 2027,5/4/26 5:59,N
Incorta-2026-05-04-02-View41,5/4/26 5:59,0000029641,,,Q1 2028,,,GTX Synergis TiSiN with SA 1CH 29625,BU3,ALD,China,,,,XP8 Platform (Thermal),Non-Retrofit,Shanghai GTX Semiconductor Shanghai CN,Foundry,,,28nm,STD,,75200.40000000001,0,75200.40000000001,BASE,BASE,,EUR,,"300mm (12"")",FEOL,System Opportunity,Synergis NT TiSiN,WF Tuner Metal Gate,Not Assigned,Not Assigned,Not Assigned,Not Assigned,Not Assigned,Not Assigned,Not Assigned,Not Assigned,Not Assigned,Not Assigned,Not Assigned,Not Assigned,Not Assigned,Not Assigned,TiSiN,Not Assigned,Not Assigned,Not Assigned,Not Assigned,Not Assigned,Not Assigned,Not Assigned,Potential 10%,,,5/3/26 13:54,N,,SPS-COM,Forecast,12/10/27 0:00,88000,,,,,,,Q4 2027,#,12/10/27 0:00,,,2027012,China,I&Q,5/4/26 5:59,Incorta-2026-05-04-02-View41||05/04/2026 01:59:23 PM,28Q1,2028,,12/10/27,Q1 2028,5/4/26 5:59,Y
Incorta-2026-05-04-02-View41,5/4/26 5:59,0000029642,,,Q3 2027,,,Placeholder GTX Intrepid ES Si 1MF+3CH+P,BU3,EPI,China,,,,XP4 INTREPID PLATFORM,Non-Retrofit,Shanghai GTX Semiconductor Shanghai CN,Foundry,,,28nm,STD,,283710.60000000003,0,283710.60000000003,BASE,BASE,,EUR,,"300mm (12"")",FEOL,System Opportunity,XP4 INTREPID PLATFORM,CHANNEL,PRE CLEAN PREVIUM (INTREPID),CHANNEL,RP PMOS (INTREPID) ESL-LMS,CHANNEL,RP PMOS (INTREPID) ESL-LMS,CHANNEL,RP PMOS (INTREPID) ESL-LMS,Not Assigned,Not Assigned,Not Assigned,Not Assigned,Not Assigned,Not Assigned,Not Assigned,Pre Clean,Si Channel,Si Channel,Si Channel,Not Assigned,Not Assigned,Not Assigned,Not Assigned,Upside 30%,New,,5/3/26 13:54,N,,SPS-COM,Forecast,5/10/27 0:00,332000,,,,,,X,Q2 2027,#,6/10/27 0:00,,,2027005,China,I&Q,5/4/26 5:59,Incorta-2026-05-04-02-View41||05/04/2026 01:59:23 PM,27Q3,2027,,5/10/27,Q3 2027,5/4/26 5:59,Y
Incorta-2026-05-04-02-View41,5/4/26 5:59,0000029642,,Q2 2027,Q2 2027,,,Placeholder GTX Intrepid ES Si 1MF+3CH+P,BU2,EPI,China,,,,XP4 INTREPID PLATFORM,Non-Retrofit,Shanghai GTX Semiconductor Shanghai CN,Foundry,,,28nm,STD,,6809054.4,0,6809054.4,BASE,BASE,,EUR,,"300mm (12"")",FEOL,System Opportunity,XP4 INTREPID PLATFORM,CHANNEL,PRE CLEAN PREVIUM (INTREPID),CHANNEL,RP PMOS (INTREPID) ESL-LMS,CHANNEL,RP PMOS (INTREPID) ESL-LMS,CHANNEL,RP PMOS (INTREPID) ESL-LMS,Not Assigned,Not Assigned,Not Assigned,Not Assigned,Not Assigned,Not Assigned,Not Assigned,Pre Clean,Si Channel,Si Channel,Si Channel,Not Assigned,Not Assigned,Not Assigned,Not Assigned,Upside 30%,New,,5/3/26 13:54,N,,EPI,Forecast,5/10/27 0:00,7968000,,,,,,X,Q2 2027,#,6/10/27 0:00,,,2027005,China,EPI,5/4/26 5:59,Incorta-2026-05-04-02-View41||05/04/2026 01:59:23 PM,27Q2,2027,,5/10/27,Q2 2027,5/4/26 5:59,N
Incorta-2026-05-04-02-View41,5/4/26 5:59,0000029643,,,Q3 2027,,,Placeholder GTX Intrepid ES Si 1MF+3CH+P,BU3,EPI,China,,,,XP4 INTREPID PLATFORM,Non-Retrofit,Shanghai GTX Semiconductor Shanghai CN,Foundry,,,28nm,STD,,283710.60000000003,0,283710.60000000003,BASE,BASE,,EUR,,"300mm (12"")",FEOL,System Opportunity,XP4 INTREPID PLATFORM,CHANNEL,PRE CLEAN PREVIUM (INTREPID),CHANNEL,RP PMOS (INTREPID) ESL-LMS,CHANNEL,RP PMOS (INTREPID) ESL-LMS,CHANNEL,RP PMOS (INTREPID) ESL-LMS,Not Assigned,Not Assigned,Not Assigned,Not Assigned,Not Assigned,Not Assigned,Not Assigned,Pre Clean,Si Channel,Si Channel,Si Channel,Not Assigned,Not Assigned,Not Assigned,Not Assigned,Upside 30%,New,,5/3/26 13:54,N,,SPS-COM,Forecast,4/30/27 0:00,332000,,,,,,X,Q2 2027,#,6/30/27 0:00,,,2027004,China,I&Q,5/4/26 5:59,Incorta-2026-05-04-02-View41||05/04/2026 01:59:23 PM,27Q3,2027,,4/30/27,Q3 2027,5/4/26 5:59,Y
Incorta-2026-05-04-02-View41,5/4/26 5:59,0000029643,,Q2 2027,Q2 2027,,,Placeholder GTX Intrepid ES Si 1MF+3CH+P,BU2,EPI,China,,,,XP4 INTREPID PLATFORM,Non-Retrofit,Shanghai GTX Semiconductor Shanghai CN,Foundry,,,28nm,STD,,6809054.4,0,6809054.4,BASE,BASE,,EUR,,"300mm (12"")",FEOL,System Opportunity,XP4 INTREPID PLATFORM,CHANNEL,PRE CLEAN PREVIUM (INTREPID),CHANNEL,RP PMOS (INTREPID) ESL-LMS,CHANNEL,RP PMOS (INTREPID) ESL-LMS,CHANNEL,RP PMOS (INTREPID) ESL-LMS,Not Assigned,Not Assigned,Not Assigned,Not Assigned,Not Assigned,Not Assigned,Not Assigned,Pre Clean,Si Channel,Si Channel,Si Channel,Not Assigned,Not Assigned,Not Assigned,Not Assigned,Upside 30%,New,,5/3/26 13:54,N,,EPI,Forecast,4/30/27 0:00,7968000,,,,,,X,Q2 2027,#,6/30/27 0:00,,,2027004,China,EPI,5/4/26 5:59,Incorta-2026-05-04-02-View41||05/04/2026 01:59:23 PM,27Q2,2027,,4/30/27,Q2 2027,5/4/26 5:59,N
Incorta-2026-05-04-02-View41,5/4/26 5:59,0000029648,,,Q2 2027,,,SEC XIAN II V9 SLIT OX MAGMA #8,BU3,PEALD,Samsung Global,,,,XP8 PLATFORM - QCM Variant (CYM-MAG),Non-Retrofit,SAMSUNG CHINA SEMICONDUCTOR XIAN FAB X2,3DNAND,,,3xx Pairs,STD,,160843.294,0,160843.294,BASE,BASE,,EUR,,"300mm (12"")",MOL,System Opportunity,XP8 PLATFORM - QCM Variant (CYM-MAG),"VNAND Liner, Gapfill",MAGMA SX PLUS,"VNAND Liner, Gapfill",MAGMA SX PLUS,"VNAND Liner, Gapfill",MAGMA SX PLUS,Not Assigned,Not Assigned,Not Assigned,Not Assigned,Not Assigned,Not Assigned,Not Assigned,Not Assigned,Not Assigned,GFSiO,GFSiO,GFSiO,Not Assigned,Not Assigned,Not Assigned,Not Assigned,Not Assigned,Forecast 50%,New,,5/3/26 13:54,N,X,SPS-COM,Forecast,12/15/26 0:00,278000000,,,,,,X,Q4 2026,#,1/5/27 0:00,,,2026012,Samsung Global,I&Q,5/4/26 5:59,Incorta-2026-05-04-02-View41||05/04/2026 01:59:23 PM,27Q2,2027,,12/15/26,Q2 2027,5/4/26 5:59,Y
Incorta-2026-05-04-02-View41,5/4/26 5:59,0000029648,,Q4 2026,Q4 2026,,,SEC XIAN II V9 SLIT OX MAGMA #8,BU2,PEALD,Samsung Global,,,,XP8 PLATFORM - QCM Variant (CYM-MAG),Non-Retrofit,SAMSUNG CHINA SEMICONDUCTOR XIAN FAB X2,3DNAND,,,3xx Pairs,STD,,3860239.056,0,3860239.056,BASE,BASE,,EUR,,"300mm (12"")",MOL,System Opportunity,XP8 PLATFORM - QCM Variant (CYM-MAG),"VNAND Liner, Gapfill",MAGMA SX PLUS,"VNAND Liner, Gapfill",MAGMA SX PLUS,"VNAND Liner, Gapfill",MAGMA SX PLUS,Not Assigned,Not Assigned,Not Assigned,Not Assigned,Not Assigned,Not Assigned,Not Assigned,Not Assigned,Not Assigned,GFSiO,GFSiO,GFSiO,Not Assigned,Not Assigned,Not Assigned,Not Assigned,Not Assigned,Forecast 50%,New,,5/3/26 13:54,N,X,PEALD,Forecast,12/15/26 0:00,6672000000,,,,,,X,Q4 2026,#,1/5/27 0:00,,,2026012,Samsung Global,PEALD,5/4/26 5:59,Incorta-2026-05-04-02-View41||05/04/2026 01:59:23 PM,26Q4,2026,,12/15/26,Q4 2026,5/4/26 5:59,N
Incorta-2026-05-04-02-View41,5/4/26 5:59,0000029649,,,Q1 2028,,,GTX  Intrepid ES Si SA CH PM4 29650,BU3,EPI,China,,,,XP4 INTREPID PLATFORM,Non-Retrofit,Shanghai GTX Semiconductor Shanghai CN,Foundry,,,28nm,STD,,68364,0,68364,BASE,BASE,,EUR,,"300mm (12"")",FEOL,System Opportunity,RP PMOS (INTREPID) ESL-LMS,Not Assigned,Not Assigned,Not Assigned,Not Assigned,Not Assigned,Not Assigned,CHANNEL,Not Assigned,Not Assigned,Not Assigned,Not Assigned,Not Assigned,Not Assigned,Not Assigned,Not Assigned,Not Assigned,Not Assigned,Not Assigned,Si Channel,Not Assigned,Not Assigned,Not Assigned,Not Assigned,Potential 10%,,,5/3/26 13:54,N,,SPS-COM,Forecast,12/10/27 0:00,80000,,,,,,,Q4 2027,#,12/10/27 0:00,,,2027012,China,I&Q,5/4/26 5:59,Incorta-2026-05-04-02-View41||05/04/2026 01:59:23 PM,28Q1,2028,,12/10/27,Q1 2028,5/4/26 5:59,Y